{
  "chain": {
    "outline": {
      "cy": 0.5755,
      "r": 0.1017,
      "phi": 0.44087320388138607
    },
    "filled": {
      "cy": 0.5805,
      "r": 0.0907,
      "phi": 0.43587320388138606
    }
  },
  "toes": {
    "outline": [
      {
        "cx": 0.178,
        "cy": 0.45615,
        "aOut": 0.16045,
        "bOut": 0.11755,
        "aIn": 0.08295,
        "bIn": 0.04185,
        "nOut": 2,
        "rotation": 67
      },
      {
        "cx": 0.3738,
        "cy": 0.2694,
        "aOut": 0.15945,
        "bOut": 0.1153,
        "aIn": 0.08345,
        "bIn": 0.0387,
        "nOut": 2,
        "rotation": 82.05
      }
    ],
    "filled": [
      {
        "cx": 0.16135,
        "cy": 0.4539,
        "aOut": 0.14585,
        "bOut": 0.10065,
        "nOut": 2,
        "rotation": 67
      },
      {
        "cx": 0.3673,
        "cy": 0.2575,
        "aOut": 0.1447,
        "bOut": 0.0984,
        "nOut": 2,
        "rotation": 82.05
      }
    ]
  },
  "wgt": {
    "outline": null,
    "filled": 0.069
  }
}