{
 "version": 2,
 "comment": "Сетка иконок (конституция моушна, BL-008..BL-013): все токены — ОТНОСИТЕЛЬНЫЕ доли канвы (заявка владельца 2026-07-02: не хардкодить абсолюты) — смена канвы масштабирует дисциплину пропорционально. Номиналы при канве 24: поля 1, круг-keyline 22, штрих 1.8, кап 0.9. Потребители обязаны резолвить через canvas.width. Валидируется scripts/check-static-grid.js (report до ревизии статики, затем strict). square/wide/tall — черновик из перцентилей корпуса, уточняются владельцем.",
 "canvas": {
  "width": 24,
  "height": 24
 },
 "ratios": {
  "margin": 0.041666666666666664,
  "keylines": {
   "circle": 0.9166666666666666,
   "square": 0.875,
   "wide": {
    "width": 0.9166666666666666,
    "height": 0.8333333333333334
   },
   "tall": {
    "width": 0.8333333333333334,
    "height": 0.9166666666666666
   }
  },
  "strokeWidth": {
   "base": 0.075,
   "capRadius": 0.0375,
   "tolerance": 0.0062499999999999995
  },
  "tolerances": {
   "canvas": 0.0004166666666666667,
   "marginReport": 0.0020833333333333333,
   "marginHard": 0.029166666666666664,
   "circleCenter": 0.0062499999999999995
  }
 }
}
